t,value,label
0,27.00000000,0
1,24.00000000,0
2,620.00000000,1
3,590.00000000,1
4,25.00000000,0
